asset_name,asset_type,source,url,creator,license,commercial_use,attribution_required,modification_allowed,date_accessed
kola_nut.jpg,photo,flickr,https://www.flickr.com/photos/10239508@N07/3954603270,mmmavocado,CC BY 2.0,Yes,"Yes: ""Kola nut"" by mmmavocado is licensed under CC BY 2.0. To view a copy of this license, visit https://creativecommons.org/licenses/by/2.0/.",Yes,2026-10-07
john_pemberton.jpg,archival photo,Wikimedia Commons,https://commons.wikimedia.org/wiki/File:John_Pemberton.jpg,Unknown author (before 1888),Public domain,Yes,No,Yes,2026-10-07
loc_drink_coca_cola_5c_1890s.tif,archival ad,Library of Congress,https://www.loc.gov/pictures/item/2004671509/,,No known restrictions on publication.,Yes (per LoC rights statement),No (credit: Library of Congress),Yes,2026-10-07
loc_coca_cola_trademark_1893.tif,archival document,Library of Congress,https://www.loc.gov/pictures/item/2023667948/,,No known restrictions on publication.,Yes (per LoC rights statement),No (credit: Library of Congress),Yes,2026-10-07
coca_leaves_a.jpg,photo,flickr,https://www.flickr.com/photos/65092670@N00/8448329772,luis perez,CC BY 2.0,Yes,"Yes: ""Coca (Erythroxylum coca)"" by luis perez is licensed under CC BY 2.0. To view a copy of this license, visit https://creativecommons.org/licenses/by/2.0/.",Yes,2026-10-07
coca_leaves_b.jpg,photo,flickr,https://www.flickr.com/photos/65092670@N00/44755878062,luis perez,CC BY 2.0,Yes,"Yes: ""Erythroxylum coca"" by luis perez is licensed under CC BY 2.0. To view a copy of this license, visit https://creativecommons.org/licenses/by/2.0/.",Yes,2026-10-07
coca_leaves_c.jpg,photo,flickr,https://www.flickr.com/photos/65092670@N00/8313599681,luis perez,CC BY 2.0,Yes,"Yes: ""Erythroxylum coca"" by luis perez is licensed under CC BY 2.0. To view a copy of this license, visit https://creativecommons.org/licenses/by/2.0/.",Yes,2026-10-07
kola_nut.jpg,photo,flickr,https://www.flickr.com/photos/10239508@N07/3954603270,mmmavocado,CC BY 2.0,Yes,"Yes: ""Kola nut"" by mmmavocado is licensed under CC BY 2.0. To view a copy of this license, visit https://creativecommons.org/licenses/by/2.0/.",Yes,2026-10-07
cocaine_cid446220_3d.sdf,3D molecular data,PubChem (NCBI/NIH),https://pubchem.ncbi.nlm.nih.gov/compound/446220,NCBI PubChem,"US Government work, public domain",Yes,No (credit appreciated),Yes,2026-10-07
ne_10m_admin_1_states_provinces.zip,map data,Natural Earth,https://www.naturalearthdata.com/downloads/10m-cultural-vectors/,Natural Earth,Public domain,Yes,No,Yes,2026-10-07
mixkit_5080_texture-of-bubbles-from-a-soda.mp4,video (B-roll),Mixkit,https://mixkit.co/free-stock-video/texture-of-bubbles-from-a-soda-5080/,,Mixkit Stock Video Free License,Yes (incl. YouTube),No,Yes,2026-10-07
mixkit_5077_spilling-a-can-of-cola.mp4,video (B-roll),Mixkit,https://mixkit.co/free-stock-video/spilling-a-can-of-cola-5077/,,Mixkit Stock Video Free License,Yes (incl. YouTube),No,Yes,2026-10-07
mixkit_5081_top-of-a-glass-with-cola-in-detail.mp4,video (B-roll),Mixkit,https://mixkit.co/free-stock-video/top-of-a-glass-with-cola-in-detail-5081/,,Mixkit Stock Video Free License,Yes (incl. YouTube),No,Yes,2026-10-07
mixkit_5093_opening-a-bottle-of-cola.mp4,video (B-roll),Mixkit,https://mixkit.co/free-stock-video/opening-a-bottle-of-cola-5093/,,Mixkit Stock Video Free License,Yes (incl. YouTube),No,Yes,2026-10-07
mixkit_4719_scientist-mixing-liquids-in-a-laboratory.mp4,video (B-roll),Mixkit,https://mixkit.co/free-stock-video/scientist-mixing-liquids-in-a-laboratory-4719/,,Mixkit Stock Video Free License,Yes (incl. YouTube),No,Yes,2026-10-07
mixkit_5096_filling-a-glass-with-soda-from-a-bottle.mp4,video (B-roll),Mixkit,https://mixkit.co/free-stock-video/filling-a-glass-with-soda-from-a-bottle-5096/,,Mixkit Stock Video Free License,Yes (incl. YouTube),No,Yes,2026-10-07
mixkit_5083_ice-falling-into-a-glass-with-soda.mp4,video (B-roll),Mixkit,https://mixkit.co/free-stock-video/ice-falling-into-a-glass-with-soda-5083/,,Mixkit Stock Video Free License,Yes (incl. YouTube),No,Yes,2026-10-07
mixkit_178_bubbles-rising-in-water.mp4,video (B-roll),Mixkit,https://mixkit.co/free-stock-video/bubbles-rising-in-water-178/,,Mixkit Stock Video Free License,Yes (incl. YouTube),No,Yes,2026-10-07
mixkit_613_sicilian-coffee.mp3,music,Mixkit,https://mixkit.co/free-stock-music/ (track 613: Sicilian Coffee),Eugenio Mininni,Mixkit Stock Music Free License,Yes (incl. YouTube),No,Yes,2026-10-07
mixkit_597_vertigo.mp3,music,Mixkit,https://mixkit.co/free-stock-music/ (track 597: Vertigo),Eugenio Mininni,Mixkit Stock Music Free License,Yes (incl. YouTube),No,Yes,2026-10-07
mixkit_682_classical-vibes-2.mp3,music,Mixkit,https://mixkit.co/free-stock-music/ (track 682: Classical vibes 2),Grigoriy Nuzhny,Mixkit Stock Music Free License,Yes (incl. YouTube),No,Yes,2026-10-07
mixkit_3181_pouring-foamy-soda.mp3,sound effect,Mixkit,https://mixkit.co/free-sound-effects/ (id 3181),,Mixkit Sound Effects Free License (sfxFree),Yes (incl. YouTube),No,Yes,2026-10-07
mixkit_2833_pouring-soda-in-a-glass.mp3,sound effect,Mixkit,https://mixkit.co/free-sound-effects/ (id 2833),,Mixkit Sound Effects Free License (sfxFree),Yes (incl. YouTube),No,Yes,2026-10-07
mixkit_3000_liquid-bubble.mp3,sound effect,Mixkit,https://mixkit.co/free-sound-effects/ (id 3000),,Mixkit Sound Effects Free License (sfxFree),Yes (incl. YouTube),No,Yes,2026-10-07
mixkit_2364_hard-pop-click.mp3,sound effect,Mixkit,https://mixkit.co/free-sound-effects/ (id 2364),,Mixkit Sound Effects Free License (sfxFree),Yes (incl. YouTube),No,Yes,2026-10-07
mixkit_2925_soap-bubble-sound.mp3,sound effect,Mixkit,https://mixkit.co/free-sound-effects/ (id 2925),,Mixkit Sound Effects Free License (sfxFree),Yes (incl. YouTube),No,Yes,2026-10-07
mixkit_1489_air-woosh.mp3,sound effect,Mixkit,https://mixkit.co/free-sound-effects/ (id 1489),,Mixkit Sound Effects Free License (sfxFree),Yes (incl. YouTube),No,Yes,2026-10-07
mixkit_2623_ghostly-whoosh-passing.mp3,sound effect,Mixkit,https://mixkit.co/free-sound-effects/ (id 2623),,Mixkit Sound Effects Free License (sfxFree),Yes (incl. YouTube),No,Yes,2026-10-07
mixkit_788_big-cinematic-impact.mp3,sound effect,Mixkit,https://mixkit.co/free-sound-effects/ (id 788),,Mixkit Sound Effects Free License (sfxFree),Yes (incl. YouTube),No,Yes,2026-10-07
mixkit_1119_hard-typewriter-click.mp3,sound effect,Mixkit,https://mixkit.co/free-sound-effects/ (id 1119),,Mixkit Sound Effects Free License (sfxFree),Yes (incl. YouTube),No,Yes,2026-10-07
mixkit_364_big-crowd-talking-loop.mp3,sound effect,Mixkit,https://mixkit.co/free-sound-effects/ (id 364),,Mixkit Sound Effects Free License (sfxFree),Yes (incl. YouTube),No,Yes,2026-10-07
mixkit_1143_cinematic-whoosh-deep-impact.mp3,sound effect,Mixkit,https://mixkit.co/free-sound-effects/ (id 1143),,Mixkit Sound Effects Free License (sfxFree),Yes (incl. YouTube),No,Yes,2026-10-07
mixkit_645_cinematic-synth-riser.mp3,sound effect,Mixkit,https://mixkit.co/free-sound-effects/ (id 645),,Mixkit Sound Effects Free License (sfxFree),Yes (incl. YouTube),No,Yes,2026-10-07
mixkit_3124_modern-technology-select.mp3,sound effect,Mixkit,https://mixkit.co/free-sound-effects/ (id 3124),,Mixkit Sound Effects Free License (sfxFree),Yes (incl. YouTube),No,Yes,2026-10-07
mixkit_1064_watch-clock-knob-spin.mp3,sound effect,Mixkit,https://mixkit.co/free-sound-effects/ (id 1064),,Mixkit Sound Effects Free License (sfxFree),Yes (incl. YouTube),No,Yes,2026-10-07
mixkit_1530_paper-slide.mp3,sound effect,Mixkit,https://mixkit.co/free-sound-effects/ (id 1530),,Mixkit Sound Effects Free License (sfxFree),Yes (incl. YouTube),No,Yes,2026-10-07
mixkit_2601_electricity-lightning-blast.mp3,sound effect,Mixkit,https://mixkit.co/free-sound-effects/ (id 2601),,Mixkit Sound Effects Free License (sfxFree),Yes (incl. YouTube),No,Yes,2026-10-07
mixkit_2596_electric-whoosh.mp3,sound effect,Mixkit,https://mixkit.co/free-sound-effects/ (id 2596),,Mixkit Sound Effects Free License (sfxFree),Yes (incl. YouTube),No,Yes,2026-10-07
mixkit_3194_writing-pencil.mp3,sound effect,Mixkit,https://mixkit.co/free-sound-effects/ (id 3194),,Mixkit Sound Effects Free License (sfxFree),Yes (incl. YouTube),No,Yes,2026-10-07
mixkit_2568_cool-interface-click-tone.mp3,sound effect,Mixkit,https://mixkit.co/free-sound-effects/ (id 2568),,Mixkit Sound Effects Free License (sfxFree),Yes (incl. YouTube),No,Yes,2026-10-07
mixkit_2297_bass-rumble-hum.mp3,sound effect,Mixkit,https://mixkit.co/free-sound-effects/ (id 2297),,Mixkit Sound Effects Free License (sfxFree),Yes (incl. YouTube),No,Yes,2026-10-07
mixkit_1088_tape-rewind-cinematic-transition.mp3,sound effect,Mixkit,https://mixkit.co/free-sound-effects/ (id 1088),,Mixkit Sound Effects Free License (sfxFree),Yes (incl. YouTube),No,Yes,2026-10-07
mixkit_3120_technology-transition-slide.mp3,sound effect,Mixkit,https://mixkit.co/free-sound-effects/ (id 3120),,Mixkit Sound Effects Free License (sfxFree),Yes (incl. YouTube),No,Yes,2026-10-07
mixkit_1492_cinematic-whoosh-fast-transition.mp3,sound effect,Mixkit,https://mixkit.co/free-sound-effects/ (id 1492),,Mixkit Sound Effects Free License (sfxFree),Yes (incl. YouTube),No,Yes,2026-10-07
mixkit_2303_futuristic-bass-hit.mp3,sound effect,Mixkit,https://mixkit.co/free-sound-effects/ (id 2303),,Mixkit Sound Effects Free License (sfxFree),Yes (incl. YouTube),No,Yes,2026-10-07
mixkit_759_glass-break-with-hammer-thud.mp3,sound effect,Mixkit,https://mixkit.co/free-sound-effects/ (id 759),,Mixkit Sound Effects Free License (sfxFree),Yes (incl. YouTube),No,Yes,2026-10-07
mixkit_1104_page-turn-single.mp3,sound effect,Mixkit,https://mixkit.co/free-sound-effects/ (id 1104),,Mixkit Sound Effects Free License (sfxFree),Yes (incl. YouTube),No,Yes,2026-10-07
mixkit_498_deep-heartbeat-impact.mp3,sound effect,Mixkit,https://mixkit.co/free-sound-effects/ (id 498),,Mixkit Sound Effects Free License (sfxFree),Yes (incl. YouTube),No,Yes,2026-10-07
mixkit_1523_heavy-sliding-door.mp3,sound effect,Mixkit,https://mixkit.co/free-sound-effects/ (id 1523),,Mixkit Sound Effects Free License (sfxFree),Yes (incl. YouTube),No,Yes,2026-10-07
mixkit_2908_movie-trailer-epic-impact.mp3,sound effect,Mixkit,https://mixkit.co/free-sound-effects/ (id 2908),,Mixkit Sound Effects Free License (sfxFree),Yes (incl. YouTube),No,Yes,2026-10-07
mixkit_1490_fast-whoosh-transition.mp3,sound effect,Mixkit,https://mixkit.co/free-sound-effects/ (id 1490),,Mixkit Sound Effects Free License (sfxFree),Yes (incl. YouTube),No,Yes,2026-10-07
mixkit_2299_short-bass-hit.mp3,sound effect,Mixkit,https://mixkit.co/free-sound-effects/ (id 2299),,Mixkit Sound Effects Free License (sfxFree),Yes (incl. YouTube),No,Yes,2026-10-07
mixkit_1993_clinking-coins.mp3,sound effect,Mixkit,https://mixkit.co/free-sound-effects/ (id 1993),,Mixkit Sound Effects Free License (sfxFree),Yes (incl. YouTube),No,Yes,2026-10-07
mixkit_790_cinematic-trailer-riser.mp3,sound effect,Mixkit,https://mixkit.co/free-sound-effects/ (id 790),,Mixkit Sound Effects Free License (sfxFree),Yes (incl. YouTube),No,Yes,2026-10-07
mixkit_166_fast-small-sweep-transition.mp3,sound effect,Mixkit,https://mixkit.co/free-sound-effects/ (id 166),,Mixkit Sound Effects Free License (sfxFree),Yes (incl. YouTube),No,Yes,2026-10-07
mixkit_1133_camera-shutter-click.mp3,sound effect,Mixkit,https://mixkit.co/free-sound-effects/ (id 1133),,Mixkit Sound Effects Free License (sfxFree),Yes (incl. YouTube),No,Yes,2026-10-07
mixkit_784_reverse-cinematic-impact-trailer.mp3,sound effect,Mixkit,https://mixkit.co/free-sound-effects/ (id 784),,Mixkit Sound Effects Free License (sfxFree),Yes (incl. YouTube),No,Yes,2026-10-07
mixkit_41357_woman-with-old-fashion-style-drinking-so.mp4,video (B-roll),Mixkit,https://mixkit.co/free-stock-video/woman-with-old-fashion-style-drinking-soda-41357/,,Mixkit Stock Video Free License,Yes (incl. YouTube),No,Yes,2026-10-07
mixkit_41349_woman-with-sunglasses-drinking-a-coke.mp4,video (B-roll),Mixkit,https://mixkit.co/free-stock-video/woman-with-sunglasses-drinking-a-coke-41349/,,Mixkit Stock Video Free License,Yes (incl. YouTube),No,Yes,2026-10-07
mixkit_41191_intellectual-man-reading-the-newspaper.mp4,video (B-roll),Mixkit,https://mixkit.co/free-stock-video/intellectual-man-reading-the-newspaper-41191/,,Mixkit Stock Video Free License,Yes (incl. YouTube),No,Yes,2026-10-07
mixkit_41188_man-enjoying-his-morning-coffee-while-re.mp4,video (B-roll),Mixkit,https://mixkit.co/free-stock-video/man-enjoying-his-morning-coffee-while-reading-the-newspaper-41188/,,Mixkit Stock Video Free License,Yes (incl. YouTube),No,Yes,2026-10-07
mixkit_5085_two-friends-doing-cheers-with-soda.mp4,video (B-roll),Mixkit,https://mixkit.co/free-stock-video/two-friends-doing-cheers-with-soda-5085/,,Mixkit Stock Video Free License,Yes (incl. YouTube),No,Yes,2026-10-07
mixkit_525_wine-bottles-clinking.mp3,sound effect,Mixkit,https://mixkit.co/free-sound-effects/ (id 525),,Mixkit Sound Effects Free License (sfxFree),Yes (incl. YouTube),No,Yes,2026-10-07
mixkit_5088_girl-drinking-soda-from-a-bottle-while-l.mp4,video (B-roll),Mixkit,https://mixkit.co/free-stock-video/girl-drinking-soda-from-a-bottle-while-listening-to-music-5088/,,Mixkit Stock Video Free License,Yes (incl. YouTube),No,Yes,2026-10-07
